"Category","FA","Concrete","Cement","Wood","Brick","Gypsum","Aggregates","Asphalt","Steel","Total"
"True",0.390545538497,133.696625830294,12.0327080410926,42.569463696173,55.7179603407514,13.278548308898,115.080882192295,1.562182153988,22.8469140020744,384.752576524474
"Pred",0.368022405762136,125.98621423177,11.3387703215314,40.1144422280729,52.504652562867,12.5127617959127,108.444058238711,1.47208962304854,21.529310737085,362.563529417468
"Error",5.76709513096554,5.76709513096548,5.76709513096546,5.76709513096536,5.76709513096495,5.76709513096466,5.76709513096549,5.76709513096553,5.7670951309651,5.76709513096507
