"Category","FA","Concrete","Cement","Wood","Brick","Gypsum","Aggregates","Asphalt","Steel","Total"
"True",0.018747918303,8.45263020233567,0.760734280980831,0.11717448939375,1.0723809269316,0.099982648309899,1.01774949299666,0.342824434088658,1.63643079699566,12.7391729910519
"Pred",0.102749539773535,46.3253492536765,4.16926807539072,0.642184623584592,5.87727367504619,0.54796329561226,5.57786151614611,1.87887808429886,8.96859632867277,69.8181067770374
"Error",448.058393006187,448.058393006187,448.058393006188,448.058393006188,448.058393006188,448.058393006186,448.058393006188,448.058393006188,448.058393006189,448.058393006189
