"Category","FA","Concrete","Cement","Wood","Brick","Gypsum","Aggregates","Asphalt","Steel","Total"
"True",0.010858409737,4.8416903223586,0.43575220425813,1.13933557489873,1.49555341522615,0.92238764453175,3.3902754706329,0.079615118562819,0.146729418849,12.0155869650599
"Pred",0.0112270713979197,5.06874267855599,0.456186837623372,1.12676584682626,1.50356572734193,0.943884373350891,3.38780778403368,0.0896819674078547,0.162102562767603,12.2825509402842
"Error",3.39517175948422,4.68952661323414,4.68950774443744,1.10325073221593,0.535742290058278,2.33055255527126,0.0727872003497019,12.6443934603861,10.4772063020463,2.22181384896611
