Category,FA,Concrete,Cement,Wood,Brick,Gypsum,Aggregates,Asphalt,Steel,Total
TRUE,1.953623649,878.79,79.09,202.84,267.21,168.20,606.42,14.77,24.48,2162.72
Pred,1.990014852,896.99,80.73,198.31,265.38,165.36,596.38,16.01,30.50,2168.93
Error,1.862754038,2.07,2.07,2.23,0.68,1.68,1.66,8.37,24.57,0.29